,mean_power,alignment
0,4347842.25,Neutral
1,1086969.0507246377,Good
2,673417.835016835,Bad
