,alignment,superpowers
0,Good,9.124780316344465
1,Bad,9.96474358974359
2,Neutral,14.406593406593407
