index,Good,Bad,Neutral
agility,0.5606326889279437,,0.7802197802197802
strength,,0.5673076923076923,
